,Age,Flight Distance,Inflight wifi service,Departure/Arrival time convenient,Ease of Online booking,Gate location,Food and drink,Online boarding,Seat comfort,Inflight entertainment,On-board service,Leg room service,Baggage handling,Checkin service,Inflight service,Cleanliness,Departure Delay in Minutes,Arrival Delay in Minutes
count,129880.0,129880.0,129880.0,129880.0,129880.0,129880.0,129880.0,129880.0,129880.0,129880.0,129880.0,129880.0,129880.0,129880.0,129880.0,129880.0,129880.0,129487.0
mean,39.42795657530028,1190.3163920542038,2.7286957191253465,3.0575993224514937,2.7568755774561136,2.976924853711118,3.2047736372035724,3.252633199876809,3.4413612565445026,3.358076686171851,3.3830227902679395,3.3508777332922697,3.632114259316292,3.3062673236834,3.6421927933477054,3.286325839236218,14.713712657838004,15.09112883918849
std,15.119359950371694,997.4524773267642,1.3293401359716595,1.5267414852348664,1.4017396056161733,1.2785196725585524,1.3299330685961785,1.3507187739855575,1.3192888837203363,1.3340489832018483,1.2870993531870345,1.316251772457139,1.1800245722386569,1.2661853329512256,1.1766690733250007,1.3136822346517028,38.07112621503653,38.4656502401191
min,7.0,31.0,0.0,0.0,0.0,0.0,0.0,0.0,0.0,0.0,0.0,0.0,1.0,0.0,0.0,0.0,0.0,0.0
25%,27.0,414.0,2.0,2.0,2.0,2.0,2.0,2.0,2.0,2.0,2.0,2.0,3.0,3.0,3.0,2.0,0.0,0.0
50%,40.0,844.0,3.0,3.0,3.0,3.0,3.0,3.0,4.0,4.0,4.0,4.0,4.0,3.0,4.0,3.0,0.0,0.0
75%,51.0,1744.0,4.0,4.0,4.0,4.0,4.0,4.0,5.0,4.0,4.0,4.0,5.0,4.0,5.0,4.0,12.0,13.0
max,85.0,4983.0,5.0,5.0,5.0,5.0,5.0,5.0,5.0,5.0,5.0,5.0,5.0,5.0,5.0,5.0,1592.0,1584.0
